record_type,name,covered,hits,total_objectives,covered_objectives,scenario_hits,coverage_percent,value
summary,status,,,,,,,PASS
summary,validated_scenarios,,,,,,,29
summary,rtl_branches,,,,,,,9
summary,functional_operations,,,,,,,8
summary,covered_operations,,,,,,,8
summary,operation_coverage_percent,,,,,,,100.0
summary,objective_count,,,,,,,29
summary,covered_objectives,,,,,,,29
summary,objective_coverage_percent,,,,,,,100.0
operation,ADD,True,4,,,,,
operation,AND,True,4,,,,,
operation,NOT,True,4,,,,,
operation,OR,True,4,,,,,
operation,SHIFT_LEFT,True,3,,,,,
operation,SHIFT_RIGHT,True,3,,,,,
operation,SUB,True,4,,,,,
operation,XOR,True,3,,,,,
category,corner_case,,,21,21,21,100.0,
category,functional,,,8,8,8,100.0,
