run,seed,transactions,simulation_status,total_checks,passed_checks,failed_checks,coverage_percent,covered_points,missing_points,unique_behavior_signatures,redundant_cycles,redundancy_percent,runtime_seconds
1,20260921,20,PASS,71,71,0,80.0,8,"['COV_FIFO_007', 'COV_FIFO_009']",10,10,50.0,0.171297
2,20260922,20,PASS,69,69,0,80.0,8,"['COV_FIFO_007', 'COV_FIFO_009']",6,14,70.0,0.119182
3,20260923,20,PASS,71,71,0,100.0,10,[],14,6,30.0,0.103685
4,20260924,20,PASS,71,71,0,100.0,10,[],11,9,45.0,0.136385
5,20260925,20,PASS,72,72,0,80.0,8,"['COV_FIFO_008', 'COV_FIFO_009']",10,10,50.0,0.127739
6,20260926,20,PASS,67,67,0,80.0,8,"['COV_FIFO_007', 'COV_FIFO_009']",11,9,45.0,0.096128
7,20260927,20,PASS,67,67,0,80.0,8,"['COV_FIFO_007', 'COV_FIFO_009']",9,11,55.0,0.080862
8,20260928,20,PASS,68,68,0,80.0,8,"['COV_FIFO_007', 'COV_FIFO_009']",12,8,40.0,0.093185
9,20260929,20,PASS,72,72,0,80.0,8,"['COV_FIFO_007', 'COV_FIFO_009']",9,11,55.0,0.147515
10,20260930,20,PASS,72,72,0,100.0,10,[],12,8,40.0,0.094048
