run,seed,transactions,status,total_checks,passed_checks,failed_checks,coverage_percent,unique_behavior_signatures,redundant_cycles,redundancy_percent,runtime_seconds
1,20260921,20,PASS,71,71,0,80.0,10,10,50.0,0.171297
2,20260922,20,PASS,69,69,0,80.0,6,14,70.0,0.119182
3,20260923,20,PASS,71,71,0,100.0,14,6,30.0,0.103685
4,20260924,20,PASS,71,71,0,100.0,11,9,45.0,0.136385
5,20260925,20,PASS,72,72,0,80.0,10,10,50.0,0.127739
6,20260926,20,PASS,67,67,0,80.0,11,9,45.0,0.096128
7,20260927,20,PASS,67,67,0,80.0,9,11,55.0,0.080862
8,20260928,20,PASS,68,68,0,80.0,12,8,40.0,0.093185
9,20260929,20,PASS,72,72,0,80.0,9,11,55.0,0.147515
10,20260930,20,PASS,72,72,0,100.0,12,8,40.0,0.094048
