graph_id,title,x_label,y_label,series,point_index,x_value,y_value
graph_01_strategy_coverage,FIFO Functional Coverage by Verification Strategy,Verification Strategy,Functional Coverage (%),,1,manual_directed,100.0
graph_01_strategy_coverage,FIFO Functional Coverage by Verification Strategy,Verification Strategy,Functional Coverage (%),,2,random,100.0
graph_01_strategy_coverage,FIFO Functional Coverage by Verification Strategy,Verification Strategy,Functional Coverage (%),,3,feedback_driven,100.0
graph_02_tests_vs_coverage,FIFO Stimulus Count vs Functional Coverage,Stimulus Cycles,Functional Coverage (%),manual_directed,1,16,100.0
graph_02_tests_vs_coverage,FIFO Stimulus Count vs Functional Coverage,Stimulus Cycles,Functional Coverage (%),random,2,40,100.0
graph_02_tests_vs_coverage,FIFO Stimulus Count vs Functional Coverage,Stimulus Cycles,Functional Coverage (%),feedback_driven,3,32,100.0
graph_03_redundancy,FIFO Verification Strategy Redundancy,Verification Strategy,Redundancy (%),,1,manual_directed,25.0
graph_03_redundancy,FIFO Verification Strategy Redundancy,Verification Strategy,Redundancy (%),,2,random,57.5
graph_03_redundancy,FIFO Verification Strategy Redundancy,Verification Strategy,Redundancy (%),,3,feedback_driven,59.38
graph_04_day21_seed_coverage,Day 21 FIFO Coverage Across Random Seeds,Experiment Run,Functional Coverage (%),,1,1,80.0
graph_04_day21_seed_coverage,Day 21 FIFO Coverage Across Random Seeds,Experiment Run,Functional Coverage (%),,2,2,80.0
graph_04_day21_seed_coverage,Day 21 FIFO Coverage Across Random Seeds,Experiment Run,Functional Coverage (%),,3,3,100.0
graph_04_day21_seed_coverage,Day 21 FIFO Coverage Across Random Seeds,Experiment Run,Functional Coverage (%),,4,4,100.0
graph_04_day21_seed_coverage,Day 21 FIFO Coverage Across Random Seeds,Experiment Run,Functional Coverage (%),,5,5,80.0
graph_04_day21_seed_coverage,Day 21 FIFO Coverage Across Random Seeds,Experiment Run,Functional Coverage (%),,6,6,80.0
graph_04_day21_seed_coverage,Day 21 FIFO Coverage Across Random Seeds,Experiment Run,Functional Coverage (%),,7,7,80.0
graph_04_day21_seed_coverage,Day 21 FIFO Coverage Across Random Seeds,Experiment Run,Functional Coverage (%),,8,8,80.0
graph_04_day21_seed_coverage,Day 21 FIFO Coverage Across Random Seeds,Experiment Run,Functional Coverage (%),,9,9,80.0
graph_04_day21_seed_coverage,Day 21 FIFO Coverage Across Random Seeds,Experiment Run,Functional Coverage (%),,10,10,100.0
graph_05_day21_seed_redundancy,Day 21 FIFO Redundancy Across Random Seeds,Experiment Run,Redundancy (%),,1,1,50.0
graph_05_day21_seed_redundancy,Day 21 FIFO Redundancy Across Random Seeds,Experiment Run,Redundancy (%),,2,2,70.0
graph_05_day21_seed_redundancy,Day 21 FIFO Redundancy Across Random Seeds,Experiment Run,Redundancy (%),,3,3,30.0
graph_05_day21_seed_redundancy,Day 21 FIFO Redundancy Across Random Seeds,Experiment Run,Redundancy (%),,4,4,45.0
graph_05_day21_seed_redundancy,Day 21 FIFO Redundancy Across Random Seeds,Experiment Run,Redundancy (%),,5,5,50.0
graph_05_day21_seed_redundancy,Day 21 FIFO Redundancy Across Random Seeds,Experiment Run,Redundancy (%),,6,6,45.0
graph_05_day21_seed_redundancy,Day 21 FIFO Redundancy Across Random Seeds,Experiment Run,Redundancy (%),,7,7,55.0
graph_05_day21_seed_redundancy,Day 21 FIFO Redundancy Across Random Seeds,Experiment Run,Redundancy (%),,8,8,40.0
graph_05_day21_seed_redundancy,Day 21 FIFO Redundancy Across Random Seeds,Experiment Run,Redundancy (%),,9,9,55.0
graph_05_day21_seed_redundancy,Day 21 FIFO Redundancy Across Random Seeds,Experiment Run,Redundancy (%),,10,10,40.0
graph_06_day20_vs_day21_random,Single-Run and Multi-Seed Random FIFO Coverage,Measurement,Functional Coverage (%),,1,Day20 Random,100.0
graph_06_day20_vs_day21_random,Single-Run and Multi-Seed Random FIFO Coverage,Measurement,Functional Coverage (%),,2,Day21 Random Mean,86.0
graph_06_day20_vs_day21_random,Single-Run and Multi-Seed Random FIFO Coverage,Measurement,Functional Coverage (%),,3,Day21 Random Min,80.0
graph_06_day20_vs_day21_random,Single-Run and Multi-Seed Random FIFO Coverage,Measurement,Functional Coverage (%),,4,Day21 Random Max,100.0
